rsid,trait_name,effect_allele,effect_direction,gene_symbol,source,plain_english_description,demo_maf
rs4253754,Standing height tendency,A,risk,PPARA,GWAS Catalog (PMID 36224396),"In very large studies, people with the A version of this SNP near the PPARA gene were on average slightly taller. That is a small statistical tendency, not a height prediction for any one person.",0.11
rs9616409,Body mass index tendency,G,risk,LINC01310,GWAS Catalog (PMID 36581621),"Carriers of the G allele at this chromosome-22 SNP showed a tiny average increase in body mass index (BMI) across more than a million research participants.",0.27
rs2294239,Waist-to-hip ratio tendency,A,risk,ZNRF3,GWAS Catalog (PMID 30239722),"The A allele near ZNRF3 is correlated with a slightly higher waist-to-hip ratio in large population studies. Think of it as a body-shape average, not a personal measurement.",0.33
rs5998619,Red blood cell size (MCV),A,risk,UBE2L3,GWAS Catalog (PMID 32888493),"People with the A allele near UBE2L3 tend to have slightly larger average red blood cell volume (mean corpuscular volume) in blood-lab research datasets.",0.29
rs2283847,Platelet count tendency,T,risk,MN1,GWAS Catalog (PMID 40436827),"The T allele near MN1 is associated with a modestly higher average platelet count in blood samples from nearly a million people.",0.44
rs2845466,Hemoglobin concentration tendency,C,risk,PPM1F,GWAS Catalog (PMID 32888493),"Carrying the C allele at this SNP is correlated with a slightly higher average hemoglobin concentration in large blood-trait studies.",0.46
rs9608828,Bilirubin level tendency,C,risk,MTMR3,GWAS Catalog (PMID 40436827),"The C allele near MTMR3 is linked to slightly higher average bilirubin (a normal blood pigment from red-cell turnover) in population lab data.",0.04
rs6519133,GGT enzyme level tendency,T,risk,JOSD1,GWAS Catalog (PMID 40436827),"The T allele near JOSD1 correlates with slightly higher average GGT (an everyday liver-related enzyme measured in blood panels) in large cohorts.",0.46
rs80584,Alkaline phosphatase tendency,T,risk,APOL3,GWAS Catalog (PMID 34594039),"People with the T allele near APOL3 showed a small average increase in alkaline phosphatase (a routine blood enzyme) across hundreds of thousands of participants.",0.06
rs2294915,Serum urate tendency,T,risk,PNPLA3,GWAS Catalog (PMID 38658550),"The T allele in PNPLA3 is associated with slightly higher average serum urate (the blood form of uric acid) in million-scale genetic studies.",0.28
rs2074735,Vitamin D level tendency,C,risk,PLA2G3,GWAS Catalog (PMID 32242144),"Near PLA2G3, this SNP's C allele correlates with slightly higher average vitamin D (25-hydroxyvitamin D) measurements in large serum studies.",0.22
rs3761422,Alcohol drinks-per-week tendency,C,risk,ADORA2A,GWAS Catalog (PMID 30643251),"At ADORA2A (a receptor also studied in caffeine research), the C allele is correlated with a tiny average increase in reported drinks per week. That is a behavioural research association, not a drinking forecast.",0.39
rs5766576,Hair colour component,C,other,KIAA0930,GWAS Catalog (PMID 30595370),"Variation at this SNP near KIAA0930 is statistically linked to hair-colour categories in large appearance studies. Colour is polygenic, so one SNP cannot determine hair colour alone.",0.35
rs28360615,Male-pattern baldness tendency,C,risk,ZNRF3,GWAS Catalog (PMID 30595370),"The C allele near ZNRF3 is associated with male-pattern baldness categories in UK Biobank-scale appearance studies. Population correlation, not a personal forecast.",0.21
rs2904552,Heel bone mineral density tendency,T,risk,PRODH,GWAS Catalog (PMID 30595370),"Carriers of the T allele near PRODH showed a slight average difference in heel bone mineral density in a large bone-strength study.",0.18
